{"__Version":"0.1","App":"c44197eb-8dc7-4a50-92aa-7b0fd3a975fc","Test_7F478737223C4B69":"2d7a41f3-708b-4c02-a7df-7c6beaf29068","Host":"72eed0d9-72b0-4a76-805a-b0dcf2ac7611","RoutingScreen":"ec24b9c3-20bb-481a-be08-a3a94017755f","ButtonRoutingNext":"ac0eacf1-998d-4579-9a05-1e8dbb117a5f","MainScreen":"81c227bb-a3bf-4b9f-bf1a-789aedf98b6b","RectangleMainMenu":"d4715496-de47-4ea2-8012-9fb95ec4ae8c","ButtonMainHamburger":"303a1471-a555-4fa4-aa7e-ec7002b242f0","RectangleMainModalCover":"e6edba06-af4c-46cf-8ad1-644b33d9ccfd","CanvasMainContent":"01500598-5db4-4fd0-af97-c51b64f11be1","DataCardMainContent1":"2b5f0669-3878-4db3-a39f-99dfb5823536","TextInputMainMenu1Top":"90bedbe4-db48-48cc-bc3d-7c6ddcd2427c","ButtonMainMenu1Exit":"2fbec340-0a61-47f9-abd6-218bf3fa439e","TextMainMenu1Title":"4dcb0215-23be-4b8d-a002-77d50aca86e2","TextMainMenu1MenuInstructions":"53043daa-2cf9-4cf5-a773-69243f0a3600","TextInputTabularDataSearch":"5b0d4f2a-c9dc-48f3-876b-0acfcf81be36","ButtonTabularDataSearch":"a7024717-f273-4f83-9df3-beb44904997c","ButtonTabularDataClear":"b7d6b799-ba28-4948-bfa3-bd768e9c4ed4","TextTabularDataCount":"7807bf41-259c-4b42-ad9f-58bd834b20c2","TextTabularDataPaginationPage":"9307e62e-8574-4a2a-bcd6-bfa927e270d7","DropdownTabularDataPage":"48ec0b25-c757-4acf-96a4-bcd060ab7d84","TextTabularDataPaginationTotal":"32c2d011-7ed1-467c-b422-8d16e6a3e647","ButtonTabularDataPaginationPrevious":"9ecc8dba-380b-4b25-85ab-3cc82d7a1e16","ButtonTabularDataPaginationNext":"3d656f80-dc4f-4ae5-abf7-62882d66cf68","ButtonTabularDataHeading1":"bd8dee0b-2505-4230-bbc8-fcfeec467625","ButtonTabularDataHeading2":"a5b57add-9daa-4b9c-931a-f13686a5b9a0","ButtonTabularDataHeading3":"21df4bf5-6c76-4e4b-80b1-0a1af3314c08","ButtonTabularDataHeading4":"e346f413-1634-4fef-ae19-8bebd1745f36","ButtonTabularDataHeading5":"7f2698ce-8b19-448a-8b1c-3430f2d8b63a","TextTabularDataPlaceholder":"4b99f3f6-f249-4b29-9dea-7465f97d28d1","GalleryTabularData":"5015ffce-8684-4d0f-9f5c-4fb059e15332","galleryTemplate2":"7abf1a22-7959-4659-a2fe-1fc7a8e08073","LabelGalleryTabularDataField1":"11a9fa3c-d5d8-40e4-814e-99b71da4883b","LabelGalleryTabularDataField2":"ff8d0363-82dd-493c-8aa2-ca8a29ac1620","LabelGalleryTabularDataField3":"5b74b16a-67c2-4c45-9123-b69fbac290ba","LabelGalleryTabularDataField4":"7dfead6c-1931-4bc4-9fad-e507b3bde2c5","LabelGalleryTabularDataField5":"3faee6eb-16d7-4260-92df-72efaec6073e","SeparatorGalleryTabularData":"9eb97f77-fa5d-40fa-86b6-8c6cc4a3e45b","TextMainMenu1GalleryInstructions":"26b66bff-60d3-4096-918a-1060042dbeeb","ButtonMainMenu1OpenModal":"7b7295ca-bdfe-4da7-89f0-e6bae18bd1ee","RectangleMainMenu1Footer":"633c6e51-9b64-4bbb-82f1-dd8caf36189e","GroupTabularData":"61c6dd64-9f04-4873-b2b5-a44ef22959ab","DataCardMainContent2":"de15757f-94fe-4064-a860-b94d8e6f99d0","TextInputMainMenu2Top":"a97de3fa-4fb7-4015-b0c2-846bffd6978c","ButtonMainMenu2Exit":"f176fdbf-bad1-4b50-9be0-c0161013f675","TextMainMenu2Title":"2bbc9c45-397a-4a60-8098-7f97664d371a","TextMainMenu2Instructions":"8bbf0da8-a004-4e01-98d8-0e2b8989cea9","ButtonMainMenu2OpenModal":"4da2a931-ea33-4a83-b3f4-421cfc348fe4","RectangleMainMenu2Footer":"4f73629d-5d73-4754-bfda-304e2b16161b","DataCardMainContent3":"feb713b3-1e25-49e6-ae64-455227942b69","TextInputMainMenu3Top":"8482aff0-5917-4703-a156-02ec47f32e24","ButtonMainMenu3Exit":"c9dc1a05-7085-4329-9d79-061cb57e269a","TextMainMenu3Title":"326446ed-7e46-40ff-8564-e85f83d83663","TextMainMenu3Instructions":"7555cfb1-6b1a-46b9-93c7-62eb30ccc1cc","ComboBoxExamplePerson":"42b1e3ca-7015-4fb7-9db7-7553b596914a","DropdownExample":"0a579e0f-bcc2-42a5-9c0b-db5f983bc13a","CheckboxExample":"b57ad508-c105-47bf-93e9-ec5e54fa844c","RadioExample":"92b3be4b-f938-4c86-b292-aeb3661d9d22","ToggleExample":"55662ca1-14a9-4c99-89e8-73dc1124b62a","ButtonMainMenu3OpenModal":"9e12b697-cb14-4db8-919a-0fc9fb8ca45a","RectangleMainMenu3Footer":"0955de5b-3870-4491-9d51-556a6057910e","RectangleMainModalPadding":"0d8ca662-ae90-4e1a-b3c9-d969a4054757","CanvasMainModal":"a238c022-4391-4be8-b45c-8d4ddfaff14c","DataCardMainModal1":"e5830646-0957-4573-802b-7c268cb01d08","TextInputMainModal1Top":"6baffa5b-1faf-47c6-bccc-a184f79527af","ButtonMainModal1Close":"863e9a2c-55c2-4d41-a8ce-44291efe11b8","TextMainModal1Title":"1e193c4a-c4ab-4140-8ff5-f769589a9920","TextMainModal1Instructions":"15180d14-3390-42c9-954b-05edd439c638","TextMainModal1Validation":"ba1b4e1b-89c7-4ac5-89ec-69dc259c8378","ButtonMainModal1Primary":"c9218002-741f-4d0c-9d1e-fada3608613d","ButtonMainModal1Secondary":"c29f0c1e-134a-4461-9dcb-8ed009d43b8f","TextMainModal1Processing":"d6341352-97fc-4eca-9305-6b216b4fd290","RectangleMainModal1Footer":"01dbc22e-df67-41d8-ab48-e13d7edc218e","DataCardMainModal2":"97b86a65-3d7b-438e-b3fe-413c7ccf7b3e","TextInputMainModal2Top":"831a9c1f-4533-4a24-ba4a-7debad5ef76d","ButtonMainModal2Close":"e2eb3cc6-4adf-4842-a972-639a5f4d6f76","TextMainModal2Title":"17bcce24-fa4b-4874-bf11-9caedabc1da0","TextMainModal2Instructions":"41219ffc-3fb5-4aa9-a55b-4a68b1d43bc9","TextMainModal2Validation":"6f1d6935-94bf-4215-a622-b19a89e3b554","ButtonMainModal2Primary":"951aef99-3997-4390-bb58-51d39a6a1d71","ButtonMainModal2Secondary":"bbc5a103-7445-4166-ae1d-63a0121e1585","TextMainModal2Processing":"6ba171ba-23b9-42b3-8f1d-d2ab39703bb1","RectangleMainModal2Footer":"8f41a2a8-eaef-4397-b6cf-462ddb11bd33","DataCardMainModal3":"3717f659-ea4c-436e-882d-26426926b0f2","TextInputMainModal3Top":"5425061f-b679-46f4-920c-6fbd253fca39","ButtonMainModal3Close":"cfb308ae-a3a8-45b1-b4bf-f5e0b72c5869","TextMainModal3Title":"909d85f1-cc50-4f9f-bc62-3ab9af1d7166","TextMainModal3Instructions":"f5d2fb8c-57d3-4874-9a9a-c30cda584bdf","TextMainModal3Validation":"396be632-7a2b-42e7-b476-1675611c8ce8","ButtonMainModal3Primary":"832b2e4b-ddf9-4c1f-a0bb-49de5951ba3d","ButtonMainModal3Secondary":"29683e4c-ad47-457a-9d71-9e7b24e12870","TextMainModal3Processing":"4bfc0fb3-d68d-4449-8515-c97786a2a007","RectangleMainModal3Footer":"b1466fd9-18d8-4616-81b4-2b45724c55f4","ButtonMainRedirect":"4a6b864c-fdcb-4714-a684-fead8dd67d6c","GalleryMainMenu":"0604c315-848e-4413-8da9-b1e77297762d","galleryTemplate1":"edbcacca-8754-4742-8077-b4dc1bf45618","ButtonGalleryMainMenu":"1731d95b-5433-46af-94f5-beb292a2101e","RectangleGalleryMainMenu":"7a7482af-9b23-423c-9135-a5db720ff0e9","SystemScreen":"b2bc0b3c-539f-402d-8af5-10ccf06b3ad7","ButtonSystemExit":"4925724e-046c-4cdf-ac28-7bc0602a0676","TextSystemMessage":"c6245f38-72a7-434b-8aad-2bf52455902e"}